{
  "properties": {
    "connectionReferences": {},
    "definition": {
      "$schema": "https://schema.management.azure.com/providers/Microsoft.Logic/schemas/2016-06-01/workflowdefinition.json#",
      "contentVersion": "1.0.0.0",
      "parameters": {
        "$authentication": {
          "defaultValue": {},
          "type": "SecureObject"
        }
      },
      "triggers": {
        "manual": {
          "metadata": {
            "operationMetadataId": "c4049e18-cfee-48d0-a1df-72c4791c8b07"
          },
          "type": "Request",
          "kind": "Button",
          "inputs": {
            "schema": {
              "type": "object",
              "properties": {},
              "required": []
            }
          }
        }
      },
      "actions": {
        "Compose": {
          "runAfter": {},
          "metadata": {
            "operationMetadataId": "8bc402c2-727b-4076-972c-167840138484"
          },
          "type": "Compose",
          "inputs": "oii"
        }
      }
    },
    "templateName": null
  },
  "schemaVersion": "1.0.0.0"
}